valid_loss,valid_acc,epoch,step,train_loss,train_acc,lr
0.924674391746521,0.8383959531784058,0,4576,,,
,,1,4576,0.9372625946998596,0.8358098864555359,1.3731957551499363e-05
